<?xml version="1.0" encoding="UTF-8" standalone="yes"?>
<addon id="plugin.video.SBADLOE" name="S.BADLOE" version="1.0.0" provider-name="SBADLOE">
  <requires>
    <import addon="xbmc.python" version="2.1.0"/>
  </requires>
  <extension point="xbmc.python.pluginsource" library="addon.py">
    <provides>video</provides>
  </extension>
  <extension point="xbmc.addon.metadata">
    <summary lang="en">http://xbmckodi.123website.nl/
</summary>
    <description lang="en">Visit my YouTube channel for more tutorials. https://www.youtube.com/channel/UCf4x4vW5RmfCQ4r40KEZUGg
</description>
    <disclaimer lang="en">The author does not host or distribute any of the content displayed by this addon. The author does not have any affiliation with the content provider</disclaimer>
    <language>en</language>
    <platform>all</platform>
    <website>http://xbmckodi.123website.nl/
</website>
    <email>jerry-b@hotmail.com</email>
  </extension>
</addon>
